{"learner":{"attributes":{},"feature_names":["0","1","2","3","4","5","6","7","8","9","10","11","12","13","14","15","16","17","18","19","20","21","22","23","24","25","26","27","28","29","30","31","32","33","34","35","36","37","38","39","40","41","42","43","44","45","46","47","48","49","50","51","52","53","54"],"feature_types":["float","float","float","float","float","float","float","float","float","float","float","float","float","float","float","float","float","float","float","float","float","float","float","float","float","float","float","float","float","float","float","float","float","float","float","float","float","float","float","float","float","float","float","float","float","float","float","float","float","float","float","float","float","float","float"],"gradient_booster":{"model":{"gbtree_model_param":{"num_parallel_tree":"1","num_trees":"10"},"iteration_indptr":[0,1,2,3,4,5,6,7,8,9,10],"tree_info":[0,0,0,0,0,0,0,0,0,0],"trees":[{"base_weights":[1.566862E-5,-7.2430566E-2,5.9038445E-2,-1.8180488E-2,1.3233827E-1,-1.379684E-1,1.812312E-2,5.4479674E-3,3.0875154E-2,-2.646597E-2,-1.8991521E-3,-1.1326324E-2,1.2258839E-2,-6.872166E-3,2.2278275E-2],"categories":[],"categories_nodes":[],"categories_segments":[],"categories_sizes":[],"default_left":[0,0,0,0,0,0,0,0,0,0,0,0,0,0,0],"id":0,"left_children":[1,5,3,11,7,9,13,-1,-1,-1,-1,-1,-1,-1,-1],"loss_changes":[6.595759E1,4.1098278E1,4.811144E1,3.1525507E1,4.0829926E1,3.1687637E1,3.1128254E1,0E0,0E0,0E0,0E0,0E0,0E0,0E0,0E0],"parents":[2147483647,0,0,2,2,1,1,4,4,5,5,3,3,6,6],"right_children":[2,6,4,12,8,10,14,-1,-1,-1,-1,-1,-1,-1,-1],"split_conditions":[9.905137E-1,1.0157942E0,9.947603E-1,1.017956E0,9.9431115E-1,1.0338007E0,1.0289669E0,5.4479674E-3,3.0875154E-2,-2.646597E-2,-1.8991521E-3,-1.1326324E-2,1.2258839E-2,-6.872166E-3,2.2278275E-2],"split_indices":[51,54,50,53,52,53,50,0,0,0,0,0,0,0,0],"split_type":[0,0,0,0,0,0,0,0,0,0,0,0,0,0,0],"sum_hessian":[1.5425145E4,6.925091E3,8.500054E3,4.139367E3,4.3606865E3,4.017467E3,2.907624E3,2.3191047E3,2.0415817E3,2.6478362E3,1.3696307E3,2.5699E3,1.5694674E3,1.9851278E3,9.2249615E2],"tree_param":{"num_deleted":"0","num_feature":"55","num_nodes":"15","size_leaf_vector":"1"}},{"base_weights":[1.8293082E-5,-7.300882E-2,5.419547E-2,-1.3993267E-2,1.2493477E-1,-1.2696278E-1,3.4791645E-2,-2.1722628E-2,1.1441702E-2,5.641385E-3,2.7506743E-2,-8.250241E-3,1.5027951E-2,-7.359562E-7,4.1957945E-2],"categories":[],"categories_nodes":[],"categories_segments":[],"categories_sizes":[],"default_left":[0,0,0,0,0,0,0,0,0,0,0,0,0,0,0],"id":1,"left_children":[1,5,3,11,9,7,13,-1,-1,-1,-1,-1,-1,-1,-1],"loss_changes":[6.1023167E1,3.8207867E1,4.2712013E1,2.8369465E1,3.0204224E1,3.629966E1,2.1745579E1,0E0,0E0,0E0,0E0,0E0,0E0,0E0,0E0],"parents":[2147483647,0,0,2,2,1,1,5,5,4,4,3,3,6,6],"right_children":[2,6,4,12,10,8,14,-1,-1,-1,-1,-1,-1,-1,-1],"split_conditions":[9.87718E-1,1.0316181E0,9.9565434E-1,1.0348715E0,9.9259394E-1,6.5245014E-1,5.866588E-1,-2.1722628E-2,1.1441702E-2,5.641385E-3,2.7506743E-2,-8.250241E-3,1.5027951E-2,-7.359562E-7,4.1957945E-2],"split_indices":[54,50,51,52,52,14,15,0,0,0,0,0,0,0,0],"split_type":[0,0,0,0,0,0,0,0,0,0,0,0,0,0,0],"sum_hessian":[1.5423899E4,6.5691445E3,8.854755E3,4.508659E3,4.3460957E3,4.377975E3,2.1911694E3,3.7080276E3,6.699475E2,2.2112869E3,2.1348088E3,3.2660825E3,1.2425764E3,1.9528967E3,2.3827272E2],"tree_param":{"num_deleted":"0","num_feature":"55","num_nodes":"15","size_leaf_vector":"1"}},{"base_weights":[2.0363612E-5,-1.0129755E-1,3.5978016E-2,-3.0572636E-2,1.0454638E-1,1.0039372E-3,-2.3838047E-2,8.623649E-3,3.0782105E-2,-1.5227917E-1,1.8128118E-2,-2.4355434E-2,1.3009061E-2,-7.7840504E-3,3.2709792E-2],"categories":[],"categories_nodes":[],"categories_segments":[],"categories_sizes":[],"default_left":[0,0,0,0,0,0,0,0,0,0,0,0,0,0,0],"id":2,"left_children":[1,9,3,5,7,-1,-1,-1,-1,11,13,-1,-1,-1,-1],"loss_changes":[5.618595E1,2.4595722E1,5.194207E1,3.33947E1,2.8308777E1,0E0,0E0,0E0,0E0,2.3828934E1,2.1665773E1,0E0,0E0,0E0,0E0],"parents":[2147483647,0,0,2,2,3,3,4,4,1,1,9,9,10,10],"right_children":[2,10,4,6,8,-1,-1,-1,-1,12,14,-1,-1,-1,-1],"split_conditions":[9.6230835E-1,-1.6158834E-1,9.971995E-1,8.660507E-1,1.0338007E0,1.0039372E-3,-2.3838047E-2,8.623649E-3,3.0782105E-2,-3.14165E-1,-7.5993225E-2,-2.4355434E-2,1.3009061E-2,-7.7840504E-3,3.2709792E-2],"split_indices":[50,35,52,27,53,0,0,0,0,3,45,0,0,0,0],"split_type":[0,0,0,0,0,0,0,0,0,0,0,0,0,0,0],"sum_hessian":[1.5422335E4,4.039692E3,1.1382644E4,5.7763096E3,5.606334E3,4.610751E3,1.1655583E3,4.319857E3,1.2864772E3,2.8311165E3,1.2085752E3,2.4986138E3,3.325028E2,9.0530975E2,3.0326547E2],"tree_param":{"num_deleted":"0","num_feature":"55","num_nodes":"15","size_leaf_vector":"1"}},{"base_weights":[2.1534848E-5,-6.443877E-2,4.7863286E-2,-1.8481208E-2,1.1041817E-1,6.9973557E-3,3.1149192E-2,-2.134387E-1,-3.1430595E-2,-2.9776381E-2,2.25833E-3,-1.065174E-2,9.522275E-3,6.84504E-3,-3.6168803E-2],"categories":[],"categories_nodes":[],"categories_segments":[],"categories_sizes":[],"default_left":[0,0,0,0,0,0,0,0,0,0,0,0,0,0,0],"id":3,"left_children":[1,7,3,9,5,-1,-1,13,11,-1,-1,-1,-1,-1,-1],"loss_changes":[4.7555733E1,3.230951E1,3.6734505E1,3.1994164E1,3.304648E1,0E0,0E0,1.9749317E1,2.7870235E1,0E0,0E0,0E0,0E0,0E0,0E0],"parents":[2147483647,0,0,2,2,4,4,1,1,3,3,8,8,7,7],"right_children":[2,8,4,10,6,-1,-1,14,12,-1,-1,-1,-1,-1,-1],"split_conditions":[9.87718E-1,9.495148E-1,9.947603E-1,9.3972087E-1,1.0183622E0,6.9973557E-3,3.1149192E-2,-4.2140417E-2,1.0316181E0,-2.9776381E-2,2.25833E-3,-1.065174E-2,9.522275E-3,6.84504E-3,-3.6168803E-2],"split_indices":[54,52,50,53,52,0,0,1,50,0,0,0,0,0,0],"split_type":[0,0,0,0,0,0,0,0,0,0,0,0,0,0,0],"sum_hessian":[1.5420677E4,6.569356E3,8.85132E3,4.295547E3,4.555774E3,3.144651E3,1.4111228E3,1.191389E3,5.3779673E3,6.277604E2,3.6677866E3,3.637073E3,1.740894E3,2.266323E2,9.647567E2],"tree_param":{"num_deleted":"0","num_feature":"55","num_nodes":"15","size_leaf_vector":"1"}},{"base_weights":[2.2641148E-5,-6.1060056E-2,4.98229E-2,-1.3786346E-1,-5.233988E-3,1.63289E-2,1.4881359E-1,-1.9212471E-2,6.303145E-3,5.8769144E-2,1.4593898E-2,2.515891E-2,-4.2053387E-3,-2.6824066E-2,-4.147716E-3],"categories":[],"categories_nodes":[],"categories_segments":[],"categories_sizes":[],"default_left":[0,0,0,0,0,0,0,0,0,0,0,0,0,0,0],"id":4,"left_children":[1,3,5,13,11,7,9,-1,-1,-1,-1,-1,-1,-1,-1],"loss_changes":[4.690001E1,2.968981E1,2.8160343E1,2.0655209E1,2.1212175E1,3.280456E1,2.411565E1,0E0,0E0,0E0,0E0,0E0,0E0,0E0,0E0],"parents":[2147483647,0,0,1,1,2,2,5,5,6,6,4,4,3,3],"right_children":[2,4,6,14,12,8,10,-1,-1,-1,-1,-1,-1,-1,-1],"split_conditions":[9.905137E-1,-7.4199355E-1,7.5626665E-1,1.0208455E0,-6.8360634E-2,9.3972087E-1,-6.5524846E-1,-1.9212471E-2,6.303145E-3,5.8769144E-2,1.4593898E-2,2.515891E-2,-4.2053387E-3,-2.6824066E-2,-4.147716E-3],"split_indices":[51,18,2,54,6,53,9,0,0,0,0,0,0,0,0],"split_type":[0,0,0,0,0,0,0,0,0,0,0,0,0,0,0],"sum_hessian":[1.5417825E4,6.924524E3,8.493302E3,2.9146536E3,4.0098706E3,6.346075E3,2.1472263E3,1.0351621E3,5.310913E3,2.3908904E2,1.9081373E3,4.8054794E2,3.5293225E3,1.790358E3,1.1242955E3],"tree_param":{"num_deleted":"0","num_feature":"55","num_nodes":"15","size_leaf_vector":"1"}},{"base_weights":[2.2815633E-5,-8.194547E-2,2.9134147E-2,-2.5086327E-2,8.505634E-2,-1.7137561E-2,2.9362403E-3,-1.2633009E-2,1.4426028E-2,-7.2209455E-2,-6.0756034E-1,-2.3602923E-2,-2.3356462E-3,-9.164437E-2,1.7923842E-1],"categories":[],"categories_nodes":[],"categories_segments":[],"categories_sizes":[],"default_left":[0,0,0,0,0,0,0,0,0,0,0,0,0,0,0],"id":5,"left_children":[1,9,3,5,7,-1,-1,-1,-1,11,13,-1,-1,-1,-1],"loss_changes":[3.678581E1,2.0675169E1,3.449304E1,2.8962564E1,2.5359554E1,0E0,0E0,0E0,0E0,2.3260145E1,1.3255121E1,0E0,0E0,0E0,0E0],"parents":[2147483647,0,0,2,2,3,3,4,4,1,1,9,9,10,10],"right_children":[2,10,4,6,8,-1,-1,-1,-1,12,14,-1,-1,-1,-1],